{"epoch/accuracy":0.6506666541099548,"epoch/val_loss":0.6389359831809998,"epoch/val_precision":0.5530973672866821,"_runtime":1374.312372,"epoch/loss":0.63021320104599,"_timestamp":1.748666908037285e+09,"epoch/val_auc":0.6647117137908936,"epoch/recall":0.4393203854560852,"_wandb":{"runtime":2366},"epoch/val_accuracy":0.6205059885978699,"epoch/val_recall":0.40453073382377625,"_step":19,"epoch/learning_rate":9.999999747378752e-05,"epoch/epoch":19,"epoch/auc":0.6786991357803345,"epoch/precision":0.6046770811080933}