{"epoch/learning_rate":9.999999747378752e-05,"_wandb":{"runtime":531},"epoch/val_loss":0.6339024901390076,"epoch/val_accuracy":0.6351531147956848,"epoch/loss":0.6093424558639526,"epoch/accuracy":0.6636666655540466,"epoch/epoch":3,"_runtime":264.367457,"_step":3,"_timestamp":1.748658531236316e+09}