{"_wandb":{"runtime":1419},"epoch/learning_rate":9.999999747378752e-05,"epoch/epoch":4,"epoch/val_accuracy":0.6378162503242493,"_runtime":334.402876,"epoch/loss":0.5418351888656616,"epoch/val_loss":0.645211398601532,"_timestamp":1.748660353725646e+09,"epoch/accuracy":0.7229999899864197,"_step":4}